id,nombre,codigo
1,451 Editores,DLV00004461
2,A Sense of Music  S.L. Bellaterra Música Ed.,DLV00012901
3,A buen paso S.C.P.,DLV00010241
4,ACV Edicions,DLV00000881
5,AENOR Internacional  S.A.U.,DLV00006441
6,Abada Editores,DLV00010301
7,Acali SCP,DLV00004481
8,Acantilado,DLV00003421
9,Addison Wesley,DLV00034645
10,Adesiara Editorial,DLV00015041
11,Agencia Estatal Boletín Oficial del Estado,DLV00008941
12,Aguilar,DLV00003921
13,Aguilar Ocio,DLV00011721
14,Aizkorri,DLV00000601
15,Akiara Books,DLV00088475
16,Al Poste Ediciones,DLV00022727
17,Alai Argitaletxea,DLV00063351
18,Alai Proiektuak  SL,DLV00058747
19,Alamut,DLV00012801
20,Alba Editorial,DLV00012001
21,Alberto Santos  Editor / Imágica,DLV00044032
22,Albertí Editor  S.L,DLV00009221
23,Alevosía,DLV00014282
24,Alfa Centauro,DLV00012221
25,Alfabeto Editorial SL,DLV00097635
26,Alfaguara,DLV00003941
27,Algaida Editores,DLV00000363
28,Algar libros S.L.U.,DLV00002181
29,Alhambra,DLV00047508
30,Alhena Fábrica de Contenidos  S.L.,DLV00010261
31,Alhucema (Edelvives),DLV00005401
32,Alianza Editorial,DLV00000362
33,Alienta Editorial,DLV00004541
34,Alisis,DLV00025785
35,Almadraba,DLV00087736
36,Almadraba Editorial,DLV00001561
37,Almadraba Infantil y Juvenil,DLV00006903
38,Altamarea Ediciones,DLV00088375
39,Altea,DLV00003961
40,Alvarellos Editora,DLV00000724
41,Amaníaco ediciones,DLV00014061
42,Amat Editorial,DLV00005462
43,Amazing Books,DLV00067100
44,Amorrortu Editores España SL,DLV00003121
45,Anaconda Editions,DLV00102853
46,Anaya ELE,DLV00000365
47,Anaya Educación,DLV00000364
48,Anaya Infantil y Juvenil,DLV00000366
49,Anaya Multimedia,DLV00000361
50,Anaya Touring,DLV00000374
51,Andana Editorial,DLV00003481
52,Andavira Editora,DLV00006461
53,Angle Editorial,DLV00001262
54,Animallibres  S.L.,DLV00002521
55,Antoni Bosch Editor  S.A.,DLV00000791
56,Apache Libros,DLV00062651
57,Apila Ediciones,DLV00014441
58,Ara Llibres,DLV00009261
59,Ara Mini,DLV00025788
60,Arcadia,DLV00016942
61,Arco Libros - La Muralla  S.L.,DLV00000707
62,Arcopress Ediciones,DLV00011964
63,Areté,DLV00003522
64,Aristas Martínez Ediciones,DLV00035025
65,Arkano Books,DLV00006842
66,Armaenia Editorial,DLV00062350
67,Arpa Editores,DLV00058023
68,Arrobabooks,DLV00014841
69,Art Blume  S.L.,DLV00040146
70,Art62,DLV00004201
71,ArteDARDO S.L,DLV00014761
72,Arzalia Ediciones,DLV00083975
73,Asertos,DLV00058988
74,Asociación Cultural y Científica Iberoamericana (ACCI),DLV00017087
75,Associació de Mestres Rosa Sensat,DLV00005441
76,Astiberri Ediciones,DLV00012981
77,Atecyr,DLV00043771
78,Athenaica Ediciones Universitarias,DLV00025461
79,Atmósfera Literaria  S.L.,DLV00015081
80,Atril Varios,DLV00010041
81,Auga Editora,DLV00032044
82,Austral,DLV00011001
83,Automática Editorial,DLV00015562
84,Axac,DLV00014882
85,B (Ediciones B),DLV00009181
86,B de Blok (Ediciones B),DLV00011702
87,B de Bolsillo (Ediciones B),DLV00011704
88,B de Books (Ediciones B),DLV00011703
89,BackList,DLV00004542
90,Bainet Comunicación  S.A.,DLV00012043
91,Barbara Fiore Editora,DLV00001723
92,Barlin Libros,DLV00077743
93,Batidora Ediciones,DLV00075244
94,Baía Edicións A Coruña. S.L.,DLV00000723
95,Bibliogemma,DLV00002921
96,Biblioteca Autores Cristianos,DLV00000561
97,Biblioteca Azul,DLV00083504
98,Biblioteca Nacional de España,DLV00015224
99,Bibliópolis,DLV00012802
100,Blackie Books,DLV00008761
101,Booket,DLV00004543
102,Bookolia  S.L.,DLV00054623
103,Books on Demand,DLV00097636
104,Books4pocket,DLV00011762
105,Bosch,DLV00000661
106,Brau Edicions SL,DLV00005341
107,Bresca Editorial,DLV00005463
108,Bridge,DLV00062090
109,Bridge Publications  Inc.,DLV00053746
110,Brief Ediciones,DLV00001261
111,Bruguera (Ediciones B),DLV00011701
112,Butxaca 1984,DLV00036458
113,CIEMAT,DLV00019344
114,CISS,DLV00008382
115,COHS  Consultores en Ciencias Humanas  S.L. (Grupo ALBOR-COHS),DLV00002721
116,Cadí,DLV00000602
117,Caelus Books,DLV00008827
118,Caligrama,DLV00039709
119,Cambridge University Press,DLV00000922
120,Campgrafic Editors,DLV00013761
121,Capital Books,DLV00062591
122,Capitel Ediciones  S.L.,DLV00000705
123,Capitán Swing Libros S.L.,DLV00011521
124,Carambuco Ediciones,DLV00024841
125,Casa de Velázquez,DLV00004701
126,Castalia Ediciones,DLV00000402
127,Castellnou,DLV00087735
128,Castellnou Edicions,DLV00001562
129,Castellnou Editora Valenciana,DLV00001563
130,Castellnou Editora Valenciana Infantil i Juvenil,DLV00006902
131,Castellnou Infantil i Juvenil,DLV00006901
132,Catedral,DLV00062170
133,Centre de Pastoral Litúrgica,DLV00001962
134,Centro Andaluz del Libro S.A.,DLV00006401
135,Centro Nacional de Información Geográfica,DLV00016401
136,Centro de Estudios Europa Hispánica,DLV00003381
137,Centro de Estudios Financieros  S.L.,DLV00002121
138,Centro de Estudios Financieros  S.L.,DLV00002121
139,Centro de Estudios Politicos y Constitucionales,DLV00006321
140,Centro de Estudios y Experimentación de Obras Publicas,DLV00036504
141,Centro de Investigaciones Sociológicas,DLV00005702
142,Centro de Publicaciones. Secretaria General Tecnica. Ministerio de Fomento,DLV00015781
143,Cercle Imaginarium,DLV00063171
144,Chic,DLV00101296
145,Cinco Tintas,DLV00046165
146,Cinter Divulgación Técnica  S.L.L.,DLV00000903
147,Circe Ediciones  S.L.U.,DLV00012302
148,Cisne,DLV00003542
149,Ciudadela Libros,DLV00011642
150,Clave Intelectual,DLV00011461
151,Claves de Gestión,DLV00004801
152,Click Ediciones,DLV00016581
153,Cliper,DLV00003543
154,Cliper Plus,DLV00054725
155,Club Círculo de Lectores,DLV00014321
156,Club Editor 1959  S.L.,DLV00010341
157,Club Internacional del Libro  Division Coleccionables  S.L.,DLV00012781
158,Club Internacional del Libro  Marketing Directo  S.L.,DLV00012721
159,Coco Books  S.L.,DLV00003761
160,Col&Col Ediciones,DLV00090316
161,Colex,DLV00080865
162,Colex Data,DLV00036245
163,Columna CAT,DLV00004921
164,Combel Editorial,DLV00003062
165,Comunicación Social Ediciones y Publicaciones,DLV00001341
166,Conecta,DLV00013681
167,Consejo Superior de Deportes,DLV00015223
168,Consejo Superior de Investigaciones Cientificas,DLV00004121
169,Consello da Cultura Galega,DLV00008801
170,Consonni,DLV00022680
171,Contenido en Movimiento,DLV00015981
172,Contra,DLV00013141
173,Corporación Vértice 1979  S.L.,DLV00026317
174,Corre La Voz SL,DLV00015561
175,Cossetània Edicions,DLV00002761
176,Creaciones Copyright,DLV00024511
177,Cuadernos de Pedagogía (Wolters Kluwer España),DLV00008401
178,Cuadernos del Vigía,DLV00005682
179,Cuadernos del Vigía,DLV00005682
180,Cuento de Luz SL,DLV00010901
181,Cyan Proyectos Editoriales,DLV00026361
182,Cáritas Española Editores,DLV00000548
183,Círculo Imaginarium,DLV00014323
184,Córner,DLV00010021
185,DK,DLV00060890
186,De Conatus,DLV00086977
187,Debolsillo,DLV00003561
188,Demipage,DLV00009801
189,Desclée De Brouwer,DLV00000343
190,Desclée De Brouwer,DLV00000343
191,Desperta Ferro Ediciones,DLV00048623
192,Destino CAT,DLV00004922
193,Destino Infantil & Juvenil CAT,DLV00004923
194,Dibbuks,DLV00011501
195,Diccionaris de l`Enciclopèdia,DLV00015881
196,Didacta +,DLV00096795
197,Diego Marín Librero Editor SL,DLV00013801
198,Diego Pun Ediciones,DLV00016101
199,Difusión Centro de Investigación y Publicaciones de Idiomas S.L.,DLV00003901
200,Digital Text,DLV00038485
201,Digitalbooks,DLV00037789
202,Diputació de Barcelona,DLV00042765
203,Diputación de Sevilla. Servicio de Archivo y Publicaciones.,DLV00006281
204,Diálogo,DLV00043788
205,Dobleerree Editorial,DLV00003382
206,Doce Calles,DLV00056269
207,Documenta Balear S.L.,DLV00008561
208,Documenta Universitaria,DLV00005524
209,Dojo Ediciones,DLV00006843
210,Dos de Arte Ediciones  S.L.,DLV00035699
211,Duomo Ediciones,DLV00011542
212,Dylar Ediciones  S.L,DLV00002023
213,ECC Ediciones,DLV00014681
214,EDIBESA,DLV00000843
215,ESIC Editorial,DLV00000846
216,EUNSA. Ediciones Universidad de Navarra  S.A.,DLV00010741
217,Ecobook - Editorial del Economista,DLV00004661
218,Ecoiuris,DLV00080427
219,Ed. Dharma  S.L.,DLV00015461
220,Ed. Triacastela,DLV00084285
221,Edelsa Grupo Didascalia,DLV00031839
222,Edeta Editorial,DLV00084835
223,Ediciones 2010,DLV00008961
224,Ediciones Académicas S.A.,DLV00011421
225,Ediciones Alfar S.A.,DLV00002941
226,Ediciones Aljibe  S.L.,DLV00008001
227,Ediciones Almed,DLV00011581
228,Ediciones Alpha Decay  S.A.,DLV00009561
229,Ediciones Amatista,DLV00025342
230,Ediciones Antígona  S.L.,DLV00010841
231,Ediciones Atalanta  S.L.,DLV00003581
232,Ediciones Atalanta  S.L.,DLV00003581
233,Ediciones Babylon,DLV00037052
234,Ediciones Beascoa,DLV00003523
235,Ediciones Beta III Milenio  S.L.,DLV00000782
236,Ediciones Bilingües,DLV00015961
237,Ediciones Complutense,DLV00005041
238,Ediciones Corín Tellado,DLV00076771
239,Ediciones Cristiandad S.A.,DLV00002082
240,Ediciones Cumbres,DLV00024043
241,Ediciones Cydonia,DLV00037153
242,Ediciones Cálamo,DLV00011021
243,Ediciones Cátedra,DLV00000368
244,Ediciones Dehonianas España,DLV00068403
245,Ediciones Destino,DLV00004563
246,Ediciones Destino Infantil & Juvenil,DLV00004547
247,Ediciones Deusto,DLV00004561
248,Ediciones Diquesi,DLV00019343
249,Ediciones Díaz de Santos  S.A.,DLV00000562
250,Ediciones Ekaré,DLV00010381
251,Ediciones El Grano de Mostaza S.L.,DLV00014101
252,Ediciones El Senderista,DLV00013261
253,Ediciones El Viso  S.A.,DLV00015541
254,Ediciones Elfos  S.L.,DLV00011783
255,Ediciones Encuentro  S.A.,DLV00000905
256,Ediciones Espuela de Plata,DLV00002502
257,Ediciones Experiencia  S.L.,DLV00003042
258,Ediciones Fortuna,DLV00010061
259,Ediciones Fortuna,DLV00010061
260,Ediciones Francis Lefebvre,DLV00005361
261,Ediciones Franciscanas Arantzazu,DLV00057648
262,Ediciones Franciscanas Arantzazu,DLV00057648
263,Ediciones GPS Madrid S.L.,DLV00005081
264,Ediciones Gaviota,DLV00000604
265,Ediciones Gigamesh,DLV00006802
266,Ediciones Grazalema  S.L.,DLV00000444
267,Ediciones Hidroavión,DLV00052304
268,Ediciones Idampa SL,DLV00014881
269,Ediciones Internacionales Universitarias (EIUNSA),DLV00033312
270,Ediciones Invisibles,DLV00011543
271,Ediciones JC,DLV00005261
272,Ediciones Jaguar,DLV00001241
273,Ediciones Kraken,DLV00006042
274,Ediciones La Cúpula  S.L.,DLV00012841
275,Ediciones La Libreria,DLV00010981
276,Ediciones La Llave,DLV00033487
277,Ediciones La Uña Rota,DLV00013321
278,Ediciones Leonesas  S.A. (EDILESA),DLV00013861
279,Ediciones Mahayana,DLV00037810
280,Ediciones Martínez Roca,DLV00011003
281,Ediciones Miguel Sánchez  S.L.,DLV00001762
282,Ediciones Minotauro,DLV00004564
283,Ediciones Morata  S.L.,DLV00000556
284,Ediciones Mundi-Prensa,DLV00003181
285,Ediciones Mágina S.L.,DLV00005641
286,Ediciones Nobel  SA,DLV00012222
287,Ediciones Nowtilus,DLV00000403
288,Ediciones Obelisco S.L.,DLV00013421
289,Ediciones Obradoiro  S.A.,DLV00000445
290,Ediciones Oniro S.A.,DLV00004591
291,Ediciones Paidós Ibérica,DLV00004565
292,Ediciones Palabra  S.A.,DLV00000547
293,Ediciones Paraninfo  S.A,DLV00007201
294,Ediciones Península,DLV00004903
295,Ediciones Pirámide,DLV00000371
296,Ediciones Pléyades  S.A.,DLV00011441
297,Ediciones Polifemo,DLV00000558
298,Ediciones Rialp  S.A.,DLV00002123
299,Ediciones Rodio S. Coop. And.,DLV00025743
300,Ediciones Saldaña  S.A.,DLV00022560
301,Ediciones Saldaña  S.A. (Libro Divo),DLV00022559
302,Ediciones Sígueme  S.A.,DLV00003301
303,Ediciones Tagus,DLV00014461
304,Ediciones Temas de Hoy,DLV00004566
305,Ediciones Torremozas,DLV00011301
306,Ediciones Traspiés,DLV00010081
307,Ediciones Trea  S.L.,DLV00001422
308,Ediciones Tutor  S.A.,DLV00001444
309,Ediciones Ulises,DLV00022669
310,Ediciones Universidad San Jorge,DLV00014401
311,Ediciones Universidad de Salamanca,DLV00005221
312,Ediciones Universidad de Valladolid,DLV00005001
313,Ediciones Versátil  S.L.,DLV00010861
314,Ediciones Xorki (Moldava SL),DLV00016441
315,Ediciones de Aquí  S.L.,DLV00002163
316,Ediciones de Belloch S.L.,DLV00010201
317,Ediciones de Intervención Cultural,DLV00014301
318,Ediciones de la Torre,DLV00000564
319,Ediciones de la Universidad de Castilla-La Mancha,DLV00003862
320,Ediciones del Oriente y del Mediterráneo,DLV00048564
321,Ediciones del Serbal  S.A.,DLV00002281
322,Ediciones del Viento  S.L.,DLV00004141
323,Ediciones el Rompecabezas,DLV00003161
324,Ediciones y Publicaciones El Nadir Tres SL,DLV00005161
325,Edicions 62,DLV00004181
326,Edicions 96 S.L.,DLV00006421
327,Edicions Baula,DLV00000901
328,Edicions Bromera  S.L.,DLV00002042
329,Edicions Cal·lígraf,DLV00023084
330,Edicions Llibreria Universitària de Barcelona  SL,DLV00010941
331,Edicions Saldonar,DLV00017121
332,Edicions Sidillà SL,DLV00014421
333,Edicions Tres i Quatre S.L.,DLV00015762
334,Edicions UAB,DLV00036383
335,Edicions UIB,DLV00004862
336,Edicions Voramar  S.A.,DLV00000441
337,Edicions de 1984,DLV00010781
338,Edicions de la Ela Geminada,DLV00016941
339,Edicions de la Universitat de Lleida,DLV00007381
340,Edicions del Bullent  S.L.,DLV00002026
341,Edicions del Periscopi SL,DLV00016481
342,Edicions del Pirata,DLV00017404
343,Edicions i Propostes Culturals Andana  SL,DLV00006822
344,Edicións Embora,DLV00015261
345,Edicións Laiovento,DLV00009641
346,Edicións Xerais de Galicia  S.A.,DLV00000373
347,Edimat Libros S.A.,DLV00006821
348,Editatum,DLV00075905
349,Editora y Distribuidora Hispano Americana  S.A. (EDHASA),DLV00001081
350,Editorial Acanto S.A.,DLV00007941
351,Editorial Afers  S.L.,DLV00015481
352,Editorial Alma,DLV00014601
353,Editorial Almuzara,DLV00008361
354,Editorial Alpha,DLV00005181
355,Editorial Alpina  SL,DLV00015141
356,Editorial Alpuerto S.A.,DLV00015061
357,Editorial Alrevés S.L,DLV00008241
358,Editorial Altamar,DLV00045445
359,Editorial Anagrama S.A.,DLV00006781
360,Editorial Aranzadi,DLV00000481
361,Editorial Arguval,DLV00001743
362,Editorial Ariel,DLV00004567
363,Editorial Bambú,DLV00003063
364,Editorial Barcanova,DLV00000367
365,Editorial Base (CAT),DLV00002702
366,Editorial Base (ES),DLV00012341
367,Editorial Bercimuel S.L.,DLV00009781
368,Editorial Berenice,DLV00011962
369,Editorial Bruño,DLV00000542
370,Editorial Brúixola,DLV00007282
371,Editorial Bóveda,DLV00013061
372,Editorial CCS,DLV00003762
373,Editorial Caballo de Troya,DLV00003541
374,Editorial Cabaret Voltaire,DLV00009701
375,Editorial Casals,DLV00000793
376,Editorial Ciudad Nueva,DLV00014861
377,Editorial Civitas,DLV00035024
378,Editorial Claret  S.L.U.,DLV00000847
379,Editorial Comanegra S.L.,DLV00007243
380,Editorial Contraseña  S.C.,DLV00010801
381,Editorial Corimbo S.L.,DLV00015021
382,Editorial Cruïlla  S.A,DLV00002641
383,Editorial Crítica,DLV00004546
384,Editorial Círculo de Bellas Artes,DLV00002781
385,Editorial Debate,DLV00003544
386,Editorial Delirio,DLV00014261
387,Editorial Diente de León,DLV00074304
388,Editorial Difácil,DLV00011482
389,Editorial Diéresis  S.L.,DLV00011741
390,Editorial Donostiarra  S.A.,DLV00000942
391,Editorial Ecir S.A.,DLV00001901
392,Editorial Edaf  S.L.,DLV00007261
393,Editorial Edebé,DLV00000800
394,Editorial Editex,DLV00001281
395,Editorial Educación Humana E. Tordesillas,DLV00012423
396,Editorial El Drac  S.L.,DLV00001445
397,Editorial Elba  S.L.,DLV00012541
398,Editorial Elearning,DLV00022768
399,Editorial Eleftheria SL,DLV00012881
400,Editorial Emecé / Ediciones del Bronce,DLV00004582
401,Editorial Empúries,DLV00004881
402,Editorial Everest,DLV00000544
403,Editorial Faro,DLV00070743
404,Editorial Fonoll  SL,DLV00009581
405,Editorial Funambulista S.L.,DLV00001881
406,Editorial Fundamentos,DLV00000550
407,Editorial Galaxia  S.A.,DLV00000726
408,Editorial GeoPlaneta,DLV00004584
409,Editorial Graó,DLV00000802
410,Editorial Gregal,DLV00016781
411,Editorial Groh S.L.,DLV00016701
412,Editorial Gustavo Gili  S.L.,DLV00000792
413,Editorial Hidra,DLV00011821
414,Editorial Hispano Europea S.A.,DLV00000788
415,Editorial Huso,DLV00074485
416,Editorial INDE,DLV00001621
417,Editorial Ibaizabal,DLV00000787
418,Editorial Jurídica Sepín  S.L.,DLV00003001
419,Editorial Juventud  S.A.,DLV00000803
420,Editorial Kairós SA,DLV00003661
421,Editorial Kókinos,DLV00001463
422,Editorial LIBSA  S.A.,DLV00008263
423,Editorial LXL,DLV00047743
424,Editorial La Calle,DLV00016864
425,Editorial La Huerta Grande  S.L.,DLV00040663
426,Editorial La Muralla  S.A.,DLV00000708
427,Editorial Loto Azul,DLV00085436
428,Editorial Luis Vives (Edelvives),DLV00000543
429,Editorial Luis Vives (Edelvives),DLV00000543
430,Editorial Lumen,DLV00003564
431,Editorial Magisterio,DLV00011181
432,Editorial Maluma  S.L.,DLV00070004
433,Editorial Mankell,DLV00095416
434,Editorial Marfil,DLV00002046
435,Editorial Maxtor,DLV00008341
436,Editorial Mediterrània  SL,DLV00007202
437,Editorial Meteora SL,DLV00012023
438,Editorial Miguel A. Salvatella  S.A.,DLV00009101
439,Editorial Milrazones,DLV00044426
440,Editorial Minuscula  S.L.U.,DLV00007061
441,Editorial Médica Panamericana S.A.,DLV00001103
442,Editorial Octaedro  S.L.,DLV00001361
443,Editorial Océano,DLV00012301
444,Editorial Odeón,DLV00070183
445,Editorial Onda,DLV00003064
446,Editorial Pasado y Presente,DLV00013101
447,Editorial Paulinas,DLV00009341
448,Editorial Planeta  S.A.,DLV00001181
449,Editorial Pre-Textos,DLV00002041
450,Editorial Pòrtic,DLV00004242
451,Editorial Raíces,DLV00056784
452,Editorial Renacimiento,DLV00001722
453,Editorial Reus S.A.,DLV00003662
454,Editorial Reverté,DLV00000421
455,Editorial Sal Terrae,DLV00009461
456,Editorial San Esteban,DLV00007141
457,Editorial Sargantana,DLV00057164
458,Editorial Seix Barral,DLV00004581
459,Editorial Servet,DLV00012701
460,Editorial Sexto Piso,DLV00005102
461,Editorial Sindéresis,DLV00029282
462,Editorial Sirio,DLV00001741
463,Editorial Síntesis  S.A.,DLV00007901
464,Editorial Tambre (Edelvives),DLV00000721
465,Editorial Tecnos,DLV00000372
466,Editorial Teide  S.A.,DLV00002261
467,Editorial Toromítico,DLV00011963
468,Editorial Tregolam,DLV00032984
469,Editorial Trotta  S.A.,DLV00000546
470,Editorial Tébar Flores,DLV00001421
471,Editorial UOC  S.L.,DLV00000823
472,Editorial Universidad Francisco de Vitoria,DLV00027788
473,Editorial Universidad de Almería,DLV00005201
474,Editorial Universidad de Cantabria,DLV00004161
475,Editorial Universidad de Granada,DLV00006241
476,Editorial Universidad de Jaén,DLV00005741
477,Editorial Universidad de Sevilla-Secretariado de Publicaciones,DLV00006181
478,Editorial Universitaria Ramón Areces,DLV00001403
479,Editorial Universitas  S.A.,DLV00025043
480,Editorial Universitat Politècnica de València,DLV00007681
481,Editorial Verbo Divino,DLV00001961
482,Editorial Vicens Vives,DLV00000822
483,Editorial de Espiritualidad,DLV00006801
484,Editorial de Música Boileau  S.L.,DLV00015001
485,Editorial del Nuevo Extremo  S.L.,DLV00053983
486,Editorial el Pirata,DLV00073665
487,Editum. Ediciones de la Universidad de Murcia,DLV00003821
488,Ediuno,DLV00039803
489,Educaula,DLV00007981
490,Effective Education Publishing,DLV00053748
491,Eirene Editorial,DLV00038974
492,El Aleph Editores,DLV00004904
493,El Buey Mudo,DLV00011641
494,El Cep i la Nansa Edicions,DLV00005601
495,El Consultor de los Ayuntamientos,DLV00008423
496,El Derecho Editores,DLV00013741
497,El Paseo Editorial,DLV00068123
498,Elipse,DLV00044585
499,Elkar,DLV00000761
500,Elsevier España  S.L.U.,DLV00009281
501,Embolsillo,DLV00008981
502,Empresa Activa,DLV00008825
503,Enciclopèdia Catalana  SLU,DLV00000799
504,Endebate,DLV00048545
505,Entimema,DLV00004761
506,Entramat,DLV00008826
507,Entre Ambos,DLV00043046
508,Entrelíneas Editores,DLV00001483
509,Eolas Ediciones,DLV00016301
510,Equipo Difusor del Libro  S.L.,DLV00014181
511,Erein Argitaletxea  S.A.,DLV00002343
512,Eride Ediciones,DLV00009741
513,Ernst Klett Sprachen GmbH,DLV00090399
514,Errata Naturae Editores S.L.,DLV00009681
515,Es Pop Ediciones,DLV00015281
516,Escolar y Mayo Editores S.L.,DLV00016421
517,Escuela Española,DLV00080503
518,Esencia,DLV00004583
519,Espasa Círculo de Lectores,DLV00063172
520,Espasa Infantil,DLV00011241
521,Espasa Libros  S.L.,DLV00005501
522,Español Santillana-USAL,DLV00004041
523,Esstudio Ediciones,DLV00069163
524,Estrella Polar,DLV00007982
525,Estudio Didáctico,DLV00040007
526,Eumo Editorial SAU,DLV00007341
527,Eurytion Press  S.L.,DLV00093615
528,Everest Galicia,DLV00000603
529,ExLibric,DLV00016861
530,Express Publishing,DLV00101095
531,FC Editorial,DLV00014161
532,Faktoría K de Libros,DLV00009601
533,Fanbooks,DLV00014641
534,Fandom Books,DLV00102615
535,Fantascy,DLV00015163
536,Farell Editors,DLV00011121
537,Federación de Gremios de Editores de España,DLV00055803
538,Flash,DLV00014081
539,Flow Press Media SL,DLV00082643
540,Fondo de Cultura Económica de España  S.L.,DLV00001464
541,Fragmenta Editorial  SL,DLV00002701
542,Fulgencio Pimentel S.L.,DLV00014381
543,Fundación Anastasio de Gracia-Fitel,DLV00024845
544,Fundación BBVA,DLV00027787
545,Fundación Barrié,DLV00006721
546,Fundación Berg Oceana Aufklarung - Berg Institute,DLV00034085
547,Fundación Centro de Estudios Andaluces,DLV00005781
548,Fundación Germán Sánchez Ruipérez,DLV00003781
549,Fundación José Manuel Lara,DLV00013041
550,Fundación María Jesús Soto,DLV00077866
551,Fundación San Millán de la Cogolla,DLV00036344
552,Fundación Santa María la Real Centro de Estudios del Románico,DLV00007121
553,Fundación Santa María-Ediciones SM,DLV00000345
554,Fundación Universitaria San Pablo CEU,DLV00006261
555,Fundación Vértice Emprende,DLV00011681
556,Fundación Wolters Kluwer,DLV00008441
557,Fórcola Ediciones,DLV00007481
558,GIUNTIEOS Psychometrics SL.,DLV00003763
559,Gadir Editorial  S.L.,DLV00004382
560,Gaia Ediciones,DLV00006844
561,Galaxia Gutenberg  S.L.,DLV00010421
562,Galaxy Press  LLC.,DLV00053749
563,Galería H2O,DLV00068284
564,Gallo Nero Ediciones,DLV00012141
565,Generalitat de Catalunya,DLV00012261
566,Genueve Ediciones,DLV00064994
567,Gestión 2000,DLV00004585
568,Giltza,DLV00002601
569,Godall Edicions SL,DLV00041107
570,Gran Travesía,DLV00030229
571,Gredos,DLV00005981
572,Gribaudo,DLV00080605
573,Grijalbo,DLV00003563
574,Grijalbo Ilustrados,DLV00003682
575,Grup Promotor  S.L.,DLV00000442
576,Grupo Cero,DLV00000941
577,Guadalmazán,DLV00014801
578,Guadiel,DLV00001761
579,Guantanamera,DLV00079485
580,Gulaab,DLV00006845
581,Gunis Media S.L.,DLV00100359
582,Guías Azules de España  S.A.,DLV00013301
583,Guías Kokonino,DLV00010561
584,Hachette,DLV00070664
585,Harlequin Ibérica,DLV00013841
586,Harper Bolsillo,DLV00083220
587,Harper Collins,DLV00020645
588,HarperCollins,DLV00052624
589,HarperKids,DLV00083423
590,Hiperión,DLV00016181
591,Hispania Libros,DLV00002481
592,Hispano Editores,DLV00005301
593,Hojas de Luz,DLV00011362
594,Holobionte Ediciones,DLV00090937
595,Hueber Verlag GMBH & Co. KG,DLV00014902
596,Hércules de Ediciones S.L.,DLV00000741
597,IC Editorial,DLV00001742
598,ICEX España Exportación e Inversiones,DLV00015841
599,Ibergarceta Publicaciones S.L.,DLV00015462
600,Ibergarceta Publicaciones S.L.,DLV00015462
601,Iberoamericana Editorial Vervuert  S.L.,DLV00002147
602,Ideaspropias Editorial,DLV00009921
603,Ikaselkar,DLV00011261
604,Ikasmina Argitaletxea  S.L.,DLV00004103
605,Impedimenta,DLV00006941
606,Imágica Ediciones  S.L.,DLV00013541
607,Incipit,DLV00004741
608,Indicator (Lefebvre-El Derecho  S.A.),DLV00074484
609,Indicios,DLV00011761
610,Institució Alfons el Magnànim,DLV00036362
611,Institut d'Estudis Catalans,DLV00015761
612,Institut d'Estudis Catalans,DLV00015761
613,Instituto Complutense de Ciencias Musicales,DLV00036903
614,Instituto Español de Oceanografía,DLV00018165
615,Instituto Geológico y Minero de España,DLV00010281
616,Instituto Monsa de Ediciones  S.A.,DLV00006562
617,Instituto Nacional de Administración Pública,DLV00015901
618,Instituto Nacional de Estadística,DLV00028010
619,Instituto Nacional de Investigación y Tecnología Agraria y Alimentaria (INIA),DLV00015801
620,Instituto Nacional de las Artes Escénicas y de la Música (INAEM),DLV00015226
621,Instituto de Contabilidad y Auditoria de Cuentas (ICAC),DLV00015861
622,Instituto de Estudios Altoaragoneses,DLV00005703
623,Instituto de Estudios Económicos,DLV00000704
624,Instituto de Estudios Fiscales,DLV00017023
625,Instituto de Salud Carlos III,DLV00019246
626,Instituto de la Cinematografía y de las Artes Audiovisuales (ICAA),DLV00015225
627,Instituto de la Mujer y para la Igualdad de Oportunidades,DLV00016261
628,Interconsulting Bureau  S.L. (ICB Editores),DLV00009381
629,Interfolio SL,DLV00008201
630,Ipso Ediciones,DLV00084695
631,J.M. Bosch Editor,DLV00009201
632,JPM Ediciones,DLV00012242
633,Kailas Editorial  S.L.,DLV00001465
634,Kakao Books - Libros por la Diversidad,DLV00099616
635,Kalandraka Catalunya,DLV00068492
636,Kalandraka Editora,DLV00000731
637,Kalandraka Editora S.L.,DLV00001841
638,Kami Ediciones,DLV00097855
639,Karma 7,DLV00006846
640,Katakrak,DLV00073825
641,Kepler,DLV00039943
642,Kepler Argentina,DLV00045603
643,Khaf (Edelvives),DLV00008901
644,Kitsune Books,DLV00067984
645,Kns Ediciones,DLV00009881
646,Kolima,DLV00017001
647,L'Altra Editorial,DLV00017061
648,L'Art de la Memòria Edicions,DLV00096515
649,L'Avenç  S.L.,DLV00019981
650,LID Editorial Empresarial  S.L.,DLV00000706
651,La Caja Books,DLV00090136
652,La Campana Llibres S.L.,DLV00070963
653,La Coccinella,DLV00098071
654,La Esfera de los Libros  S.L.,DLV00015002
655,La Fertilidad de la Tierra Ediciones,DLV00036512
656,La Fábrica Editorial,DLV00002341
657,La Galera  SAU,DLV00005881
658,La Ley,DLV00000551
659,La Línea del Horizonte Ediciones,DLV00016221
660,La Osa Menor,DLV00007983
661,La Vocal de Lis  S.C.P.,DLV00064633
662,Laberinto,DLV00001202
663,Laertes Editorial  S.L.,DLV00001001
664,Lantia Publishing,DLV00066156
665,Larousse,DLV00003722
666,Lata de Sal Editorial S.L.,DLV00015321
667,Lectio Ediciones,DLV00008301
668,Lectura Plus,DLV00011004
669,Lefebvre-El Derecho  S.A.,DLV00073223
670,Lengua de Trapo,DLV00004341
671,Les Editorial,DLV00088056
672,Lex Nova  S.A.U.,DLV00011321
673,Liana Editorial,DLV00096917
674,Libertarias Prodhufi  S.A.,DLV00009041
675,Librero IBP,DLV00016462
676,Librooks Barcelona S.L.L.,DLV00010481
677,Libros Cúpula,DLV00004586
678,Libros Disney,DLV00014581
679,Libros Libres,DLV00003642
680,Libros de Cabecera,DLV00011781
681,Libros de Seda S.L.,DLV00015522
682,Libros del Asteroide S.L.U.,DLV00001141
683,Libros del Futuro,DLV00099579
684,Libros del Kultrum,DLV00094475
685,Libros del Zorro Rojo,DLV00000794
686,Litera Libros,DLV00029884
687,Literatura Random House,DLV00003565
688,Llibres d'Ombrosa,DLV00012461
689,LoQueNoExiste,DLV00013581
690,Longman,DLV00034646
691,Los Cuatro Azules S.L.,DLV00008502
692,Los Libros de la Catarata,DLV00004781
693,Los Libros del Cristal,DLV00023552
694,Luciérnaga CAS,DLV00016961
695,Luciérnaga CAT,DLV00004905
696,Lunwerg Editores,DLV00004588
697,Lynx Edicions,DLV00004501
698,Lóguez Ediciones,DLV00001446
699,Machado Grupo de Distribución S.L.,DLV00004281
700,Macmillan,DLV00002821
701,Maeva Ediciones,DLV00008741
702,Magazzini Salani,DLV00070136
703,Magma Editorial  SC,DLV00088775
704,Maia Ediciones,DLV00014002
705,Malas Tierras Editorial,DLV00098215
706,Malinka Libros,DLV00013221
707,Manolito Books,DLV00085255
708,Marcial Pons Ediciones Jurídicas y Sociales  S.A.,DLV00001982
709,Marcial Pons Ediciones de Historia  S.A.,DLV00001941
710,Marcial Pons Librero,DLV00037050
711,Marcombo,DLV00000407
712,Marjal,DLV00002621
713,Marlow,DLV00044483
714,Marvel (Libros Disney),DLV00046243
715,MasQueOca Ediciones,DLV00093935
716,Maxi-Tusquets,DLV00016381
717,McGraw-Hill Interamericana de España S.L.,DLV00002361
718,Menoscuarto Ediciones,DLV00011041
719,Mensajero  S.A.,DLV00000781
720,Meracovia,DLV00064171
721,Michelin España Portugal S.A.,DLV00012422
722,Milenio Publicaciones S.L.,DLV00005581
723,Mina,DLV00004261
724,Ministerio de Agricultura y Pesca  Alimentación y Medio Ambiente. Secretaría General Técnica,DLV00016322
725,Ministerio de Asuntos Exteriores  Unión Europea y de Cooperación. Centro de Publicaciones,DLV00016341
726,Ministerio de Defensa. Subdirección General de Publicaciones y Patrimonio Cultural.,DLV00016921
727,Ministerio de Educación y Formación Profesional,DLV00008581
728,Ministerio de Educación  Cultura y Deporte. Área de Cultura,DLV00015222
729,Ministerio de Empleo y Seguridad Social,DLV00017181
730,Ministerio de Energía  Turismo y Agenda Digital,DLV00016001
731,Ministerio de Hacienda-Secretaría General Técnica- SGIDP,DLV00016022
732,Ministerio de Hacienda-Secretaría General Técnica- SGIDP,DLV00016022
733,Ministerio de Justicia. Secretaría General Técnica. Centro de Publicaciones,DLV00014482
734,Ministerio de Justicia. Secretaría General Técnica. Centro de Publicaciones,DLV00014482
735,Ministerio de Sanidad  Consumo y Bienestar Social,DLV00031163
736,Ministerio de la Presidencia. Secretaría General Técnica,DLV00015601
737,Ministerio del Interior. Secretaría General Técnica,DLV00016721
738,Miraguano Ediciones,DLV00000346
739,Miscelánea,DLV00006581
740,Mobil Books,DLV00038690
741,Mondadori/Anagrama,DLV00015161
742,Monte Carmelo,DLV00013901
743,Montena,DLV00003566
744,Mr. Momo,DLV00079486
745,MueveTuLengua,DLV00022622
746,Museo Nacional Centro de Arte Reina Sofía,DLV00015228
747,Museo Nacional del Prado,DLV00015227
748,Máximo Potencial,DLV00046343
749,MésLlibres,DLV00079487
750,Nana Vizcacha,DLV00090315
751,Narcea  S.A. de Ediciones,DLV00000549
752,Narval Editores S.L.,DLV00015341
753,National Geographic,DLV00005982
754,Naturart,DLV00000841
755,Navona Editorial,DLV00013202
756,Neo Person,DLV00006847
757,Nivola Libros y Ediciones  S.L.,DLV00001101
758,Nocturna Ediciones,DLV00009901
759,Noguer Ediciones,DLV00011006
760,Nola Editores,DLV00080344
761,Nova,DLV00086355
762,Nova Casa Editorial,DLV00029283
763,Now Books,DLV00025787
764,Nube de Tinta,DLV00013701
765,NubeOcho,DLV00027924
766,Nórdica Libros,DLV00002441
767,OQO Editora,DLV00000732
768,Oberon,DLV00000370
769,Obrador Editorial  SL,DLV00094258
770,Obrador Edèndum  SL,DLV00016461
771,Océano Ambar,DLV00012281
772,Océano Travesía,DLV00012303
773,Olelibros.com,DLV00025023
774,Omicron,DLV00006523
775,Onada Edicions SL,DLV00010161
776,Osprey,DLV00007581
777,Oxford University Press España  S.A.,DLV00002681
778,Oz Editorial,DLV00015421
779,PPC Editorial,DLV00004081
780,Pagès Editors  S.L.,DLV00000801
781,Paidotribo,DLV00004381
782,Pamiela Argitaletxea,DLV00003482
783,Panini España S.A.,DLV00015121
784,Papers On Demand,DLV00005522
785,Papers amb Accent,DLV00005523
786,Para Dummies,DLV00011007
787,Parramón,DLV00013381
788,Pastel de Luna,DLV00047303
789,Patrimonio Nacional,DLV00020001
790,Patronato de la Alhambra y Generalife,DLV00037149
791,Pearson Educación,DLV00001601
792,Penguin Clásicos,DLV00045149
793,Pentian,DLV00079483
794,Pepitas de calabaza,DLV00015682
795,Perifèric Edicions  S.L.,DLV00002022
796,Periférica,DLV00009661
797,Picarona,DLV00015502
798,Piles  Editorial de Música  S.A.,DLV00002044
799,Pirueta,DLV00006521
800,Plan B (Ediciones B),DLV00075903
801,Planeta CAT,DLV00004941
802,Planeta DeAgostini,DLV00015941
803,Planeta DeAgostini Cómics,DLV00012441
804,Planeta DeAgostini Formación,DLV00016621
805,Planeta Gastro,DLV00066419
806,Planeta Gifts,DLV00081563
807,Planeta Junior,DLV00004601
808,Planetalector,DLV00011008
809,Plata,DLV00008824
810,Plataforma Editorial S.L.,DLV00004681
811,Plaza & Janés,DLV00003567
812,Plaza y Valdes  S.L.,DLV00005721
813,Plot Ediciones  S.L.,DLV00000683
814,Poligrafa Artbooks,DLV00011941
815,Praxis,DLV00090535
816,Prensas de la Universidad de Zaragoza,DLV00003801
817,Prentice Hall,DLV00034644
818,Principal de los Libros,DLV00009321
819,Proa,DLV00004241
820,Procompal Publicaciones,DLV00023323
821,Profit Editorial,DLV00005464
822,Publicaciones Universidad de León,DLV00005701
823,Publicaciones Vértice  S.L,DLV00026316
824,Publicaciones y Ediciones Salamandra S.A.,DLV00010181
825,Publicacions Institucionals UA,DLV00064973
826,Publicacions Universitat Alacant,DLV00002061
827,Publicacions Universitat Rovira i Virgili,DLV00005021
828,Publicacions de l'Abadia de Montserrat  S.A.,DLV00000798
829,Publicacions de la Universitat de València,DLV00002021
830,Publicacions i Edicions de la Universitat de Barcelona,DLV00005281
831,Publicatulibro,DLV00099277
832,Puck,DLV00008829
833,Punto de Lectura,DLV00000462
834,Punto de Vista Editores,DLV00061070
835,Páginas de Espuma SL,DLV00001223
836,Quaderns Crema,DLV00003401
837,Quaterni,DLV00016363
838,Queralt Edicions  S.L.,DLV00014561
839,RAE,DLV00030204
840,RBA Bolsillo,DLV00005961
841,RBA El Jueves,DLV00006021
842,RBA Integral,DLV00005983
843,RBA La Magrana,DLV00006003
844,RBA Libros,DLV00005942
845,RBA Molino,DLV00006001
846,RBA Satén,DLV00007961
847,RBA Serres,DLV00006002
848,RC Libros,DLV00016364
849,RM Verlag  S.L.,DLV00005061
850,Rafael Dalmau  Editor,DLV00010242
851,Random,DLV00015162
852,Random Cómic,DLV00084156
853,Rata,DLV00062011
854,Rayo Verde Editorial  S.L.,DLV00013081
855,Real Academia de la Historia,DLV00012741
856,Reino de Cordelia S.L.,DLV00010101
857,Reino de Redonda,DLV00080909
858,Reservoir Books,DLV00045225
859,Revista Altaïr S.L.,DLV00007083
860,Richmond,DLV00004001
861,Rigden Institut Gestalt,DLV00010141
862,Roca Bolsillo,DLV00006961
863,Roca Editorial,DLV00005761
864,Rodeira,DLV00000722
865,Romana,DLV00037628
866,Rosa dels Vents,DLV00003569
867,Rubiños 1860,DLV00036868
868,S.G.E.L.,DLV00002241
869,Saga editorial,DLV00012501
870,Sagarmata,DLV00004901
871,Sajalín Editores,DLV00009981
872,Salamandra Black,DLV00026682
873,Salamandra Blue,DLV00055483
874,Salamandra Català,DLV00036989
875,Salamandra Digital,DLV00027661
876,Salamandra Fun & Food,DLV00034704
877,Salamandra Graphic,DLV00027662
878,Sallybooks,DLV00016863
879,Salsa Books CAS,DLV00016962
880,Salsa Books CAT,DLV00004902
881,Samarcanda,DLV00079484
882,San Pablo  Editorial,DLV00011601
883,Santa & Cole,DLV00051963
884,Santillana Canarias,DLV00007741
885,Santillana Deutsch,DLV00017042
886,Santillana Ediciones Generales S.L.,DLV00000461
887,Santillana Educación  S.L.,DLV00000406
888,Santillana Français,DLV00004021
889,Santillana Illes Balears,DLV00007761
890,Sapristi,DLV00035663
891,Satori Ediciones,DLV00012402
892,Scyla eBooks,DLV00012362
893,Sd edicions,DLV00014501
894,Secretariado Trinitario,DLV00007721
895,Secretaría General Técnica. Ministerio de Economía y Empresa. Centro de Publicaciones,DLV00015741
896,Seda Editorial,DLV00072805
897,Selecta,DLV00004183
898,Sello Editorial  S.L.,DLV00011901
899,Sembra Llibres Coop. V.,DLV00022181
900,Servei de Publicacions de la Universitat Autònoma de Barcelona,DLV00006221
901,Servicio Comercial del Libro,DLV00016365
902,Servicio de Publicaciones - Universidad de Huelva,DLV00008681
903,Servicio de Publicaciones Diputación de Castellón,DLV00015401
904,Servicio de Publicaciones de la Universidad de Cádiz,DLV00004122
905,Servicio de Publicaciones de la Universidad de La Laguna,DLV00012921
906,Servicio de Publicaciones de la Universidad de Oviedo,DLV00006341
907,Servicio de Publicaciones y Difusión Científica de la Universidad de Las Palmas de Gran Canaria,DLV00007401
908,Servicio de Publicaciones y Divulgación Científica de la Universidad de Málaga,DLV00005042
909,Servizo de Publicacións da Universidade de Vigo,DLV00005841
910,Servizo de Publicacións e Intercambio Científico da USC,DLV00005901
911,Sigilo Editorial,DLV00092057
912,Signo Editores,DLV00028928
913,Silonia,DLV00034983
914,Simple & Bello,DLV00081383
915,Singular,DLV00091306
916,Siruela,DLV00000545
917,Sitara,DLV00077223
918,Sociedad Editorial Electa España,DLV00003562
919,Sombras,DLV00016241
920,Sua Edizioak,DLV00002922
921,Suma,DLV00003962
922,Susaeta Ediciones,DLV00013501
923,Sílex ediciones S.L.,DLV00000554
924,Símbol Editors,DLV00009401
925,TASCHEN,DLV00014941
926,TEA Ediciones  S.A.U.,DLV00003081
927,Tabarca Llibres,DLV00002028
928,Takatuka,DLV00015921
929,Talismán,DLV00004906
930,Tandem Edicions  S.L.,DLV00002025
931,Taurus,DLV00003981
932,Tebeos Dolmen Editorial  S.L.,DLV00015181
933,Teell Editorial  S.L.,DLV00053043
934,Temporae Libros,DLV00013281
935,Tempus,DLV00006522
936,Tendencias,DLV00008828
937,Terapias Verdes,DLV00012022
938,Terciopelo,DLV00006501
939,Text-la Galera,DLV00015882
940,The Way to Happiness Foundation,DLV00053747
941,Thule Ediciones SL,DLV00003881
942,Tibidabo Ediciones  S.A.,DLV00002321
943,Tikal Ediciones,DLV00013522
944,Tilde,DLV00002043
945,Timun Mas CAT,DLV00004942
946,Timun Mas Infantil,DLV00004621
947,Timun Mas Narrativa,DLV00004622
948,Titania,DLV00008830
949,Tombooktu,DLV00014222
950,Trama Editorial  S.L.,DLV00001462
951,Trampa Ediciones  S.L.,DLV00093036
952,Tramuntana Editorial,DLV00013481
953,Trapella Books,DLV00007521
954,Trasantier,DLV00032045
955,Tres Hermanas,DLV00055203
956,Triangle Postals  S.L.,DLV00001201
957,Trifaldi Producciones Multimedia S.L.,DLV00014781
958,Trotamundos,DLV00012941
959,Ttarttalo  S.L.,DLV00000762
960,Tundra,DLV00014661
961,Tundra,DLV00014661
962,Turner Publicaciones S.L.,DLV00004401
963,Tusquets Editores S.A.,DLV00004321
964,Txalaparta  S.L.,DLV00000784
965,Txertoa,DLV00003341
966,U.D. Publishing S.A. de C.V.,DLV00010601
967,UAM Ediciones,DLV00008481
968,UCOPress  Editorial Universidad de Córdoba,DLV00001062
969,UDL Digital,DLV00100356
970,UNED,DLV00003741
971,Umbriel,DLV00008823
972,Univers Llibres,DLV00098557
973,Universidad Complutense. Área Humanidades,DLV00065436
974,Universidad Complutense. Área de Ciencias Exactas y de la Naturaleza,DLV00065718
975,Universidad Complutense. Área de Ciencias Sociales,DLV00065719
976,Universidad Complutense. Área de Ciencias de la Salud,DLV00065717
977,Universidad Europea Miguel de Cervantes. Servicio de Publicaciones,DLV00005821
978,Universidad Internacional de Andalucía,DLV00008181
979,Universidad Internacional de La Rioja S.A.,DLV00016361
980,Universidad Pontificia Comillas (Publicaciones),DLV00001442
981,Universidad Pontificia de Salamanca,DLV00004981
982,Universidad Pública de Navarra/Nafarroako Unibertsitate Publikoa,DLV00006301
983,Universidad de Alcalá. Servicio de Publicaciones,DLV00004861
984,Universidad de Burgos. Servicio de Publicaciones e Imagen Institucional,DLV00004641
985,Universidad de Deusto,DLV00003221
986,Universidad de Extremadura. Servicio de Publicaciones,DLV00006182
987,Universidad de la Rioja. Servicio de publicaciones,DLV00003841
988,Universidad del País Vasco. Servicio Editorial=Euskal Herriko Unibertsitatea. Argitarapen Zerbitzua,DLV00000702
989,Universidade da Coruña  Servizo de Publicacións,DLV00004961
990,Universitat Jaume I. Servei de Comunicació i Publicacions,DLV00002024
991,Universitat Politècnica de Catalunya. Iniciativa Digital Politècnica,DLV00011462
992,Universitat de Girona. Servei de Publicacions,DLV00005121
993,Universo de Letras,DLV00077264
994,Uranito Internacional,DLV00066957
995,Urano,DLV00008822
996,Urgoiti Editores S.L.,DLV00009441
997,Valdemar,DLV00012601
998,Valparaíso Ediciones,DLV00024866
999,Vaso Roto Ediciones,DLV00014481
1000,Vaughan,DLV00015701
1001,Vegueta Ediciones S. L. / Vegueta Edicions S. L.,DLV00080943
1002,Vergara (Ediciones B),DLV00012481
1003,Vibooks,DLV00015361
1004,Viena,DLV00008262
1005,Visor libros  S.L.,DLV00000553
1006,Vivelibro (sello de Zasbook S.L.),DLV00014021
1007,Voliana Edicions,DLV00027382
1008,Vorwerk España Management S.L.  S.C.,DLV00072443
1009,Vox,DLV00003723
1010,Wolters Kluwer,DLV00008422
1011,Wunderkammer,DLV00071964
1012,Xerme Edicións  S.L.,DLV00004102
1013,Xordica Editorial,DLV00009421
1014,Yoyo,DLV00011009
1015,Zafiro eBooks,DLV00012361
1016,Zahorí de Ideas,DLV00071363
1017,Zasbook,DLV00105238
1018,Zenda Aventuras,DLV00099775
1019,Zenith Editorial,DLV00004623
1020,Zubia Editoriala  S.L.,DLV00000443
1021,ePraxis,DLV00013401
1022,ediciones Pàmies,DLV00011801
1023,enClave-ELE,DLV00007082
1024,laOficina,DLV00016282
1025,labutxaca,DLV00004182
1026,mtm Editores SL (Metafísica del Tercer Milenio SL),DLV00012021
1027,nuevosescritores,DLV00013162
1028,uvedebe,DLV00013181
1029,Àmsterdam,DLV00025786
1030,Ágora Relacional  S.L.,DLV00011101
1031,Ártabro Editora,DLV00013622
1032,Ático de los Libros,DLV00009302
1033,Úrsula Llibres,DLV00045923
